190	holmes_mr holmes_sherlock holmes_mr sherlock holmes_holmes
161	henry_henry baskerville_baskerville
121	charles_baskerville_charles baskerville_baskerville
113	watson_dr watson
91	dr mortimer_mortimer_dr james mortimer_james_james mortimer
74	stapleton_mr stapleton
66	barrymore_mrs barrymore
22	mrs laura lyons_mrs lyons_lyons_laura lyons
18	coombe tracey
18	frankland_mr frankland
13	selden
11	merripit house_house
11	miss stapleton
10	baskervilles
9	cartwright_cartwright
8	times
8	hugo baskerville_hugo
7	mrs stapleton
6	baskerville hall
6	barrymores
6	john_john clayton_clayton
6	mr barrymore
6	charing cross hospital_charing cross
5	perkins
5	rodger baskerville_rodger
4	lestrade
4	grimpen
3	mr james desmond_james desmond
3	devonshire
3	mrs vandeleur_vandeleur
3	l l
2	a conan doyle
2	wilson
2	bradley
2	anthony
2	mrs oldmore
2	regina
2	beryl
2	jove
